[
  {
    "ID": "P14112023",
    "Date": "14-11-2023",
    "Title": "Exclusive right granted for invention.Patent-1",
    "Type": "Patent or Whitepaper or Researchpaper or Blog",
    "ImageURL": "/images/p1.png",
    "IconURL": "/images/i1.png",
    "IconURL1": "/images/i2.png",
    "AboutURL": "https://www.zensar.com/about/who-we-are/",
    "PageURL1": "https://www.zensar.com/careers/",
    "CardDetailsURL": "/pages/CardDetails/P14112023",
    "Brief": "<some brief info - will not be used for now>",
    "Authors": "<list of comma-separated names of people>",
    "url": "EFG",
    "tags": "Abc",
    "last update": "last update date",
    "Hideltem": "true"
  },
  {
    "ID": "P13112023",
    "Date": "11-11-2023",
    "CardDetailsURL": "/pages/CardDetails/P13112023",
    "Title": "Exclusive right granted for invention.Patent-2",
    "Type": "Patent or Whitepaper or Researchpaper or Blog",
    "ImageURL": "/images/p1.png",
    "IconURL": "/images/i1.png",
    "IconURL1": "/images/i2.png",
    "AboutURL": "https://www.zensar.com/about/who-we-are/",
    "PageURL1": "https://www.zensar.com/careers/",
    "Brief": "some brief info - will not be used for now",
    "Authors": "list of comma-separated names of people",
    "url": "EFG",
    "tags": "Abc",
    "last update": "last update date",
    "Hideltem": "true"
  },
  {
    "ID": "P12112023",
    "Date": "12-11-2023",
    "CardDetailsURL": "/pages/CardDetails/P12112023",
    "Title": "Exclusive right granted for invention.Patent-3",
    "Type": "Patent or Whitepaper or Researchpaper or Blog",
    "ImageURL": "/images/p1.png",
    "IconURL": "/images/i1.png",
    "IconURL1": "/images/i2.png",
    "AboutURL": "https://www.zensar.com/about/who-we-are/",
    "PageURL1": "https://www.zensar.com/careers/",
    "Brief": "<some brief info - will not be used for now",
    "Authors": "<list of comma-separated names of people",
    "url": "EFG",
    "tags": "Abc",
    "last update": "last update date",
    "Hideltem": "true"
  },
  {
    "ID": "P11112023",
    "Date": "13-11-2023",
    "CardDetailsURL": "/pages/CardDetails/P11112023",
    "Title": "Exclusive right granted for invention.Patent-4",
    "Type": "Patent or Whitepaper or Researchpaper or Blog",
    "ImageURL": "/images/p1.png",
    "IconURL": "/images/i1.png",
    "IconURL1": "/images/i2.png",
    "AboutURL": "https://www.zensar.com/about/who-we-are/",
    "PageURL1": "https://www.zensar.com/careers/",
    "Brief": "<some brief info - will not be used for now",
    "Authors": "<list of comma-separated names of people",
    "url": "EFG",
    "tags": "Abc",
    "last update": "last update date",
    "Hideltem": "true"
  }
]