[
  {
    "ID": "B12112023",
    "Date": "12-11-2023",
    "Title": "Correct writing, though.Blog-1",
    "Type": "Patent or Whitepaper or Researchpaper or Blog",
    "CardDetailsWURL": "/pages/CardDetailsW/B12112023",
    "ImageURL": "/images/b1.png",
    "IconURL": "/images/i1.png",
    "IconURL1": "/images/i2.png",
    "PageURL1": "https://www.zensar.com/careers/current-opportunities/",
    "Brief": "some brief info - will not be used for now",
    "Authors": "list of comma-separated names of people",
    "url": "EFG",
    "tags": "Abc",
    "last update": "last update date",
    "HideItem": "true"
  },
  {
    "ID": "B14112023",
    "Date": "14-11-2023",
    "CardDetailsWURL": "/pages/CardDetailsW/B14112023",
    "Title": "Correct writing, though.Blog-2",
    "Type": "Patent or Whitepaper or Researchpaper or Blog",
    "ImageURL": "/images/b1.png",
    "IconURL": "/images/i1.png",
    "IconURL1": "/images/i2.png",
    "PageURL1": "https://www.zensar.com/careers/current-opportunities/",
    "Brief": "<some brief info - will not be used for now>",
    "Authors": "<list of comma-separated names of people>",
    "url": "EFG",
    "tags": "Abc",
    "last update": "last update date",
    "HideItem": "true"
  },
  {
    "ID": "B11112023",
    "Date": "11-11-2023",
    "CardDetailsWURL": "/pages/CardDetailsW/B11112023",
    "Title": "Correct writing, though.Blog-3",
    "Type": "Patent or Whitepaper or Researchpaper or Blog",
    "ImageURL": "/images/b1.png",
    "IconURL": "/images/i1.png",
    "IconURL1": "/images/i2.png",
    "PageURL1": "https://www.zensar.com/careers/current-opportunities/",
    "Brief": "some brief info - will not be used for now",
    "Authors": "list of comma-separated names of people",
    "url": "EFG",
    "tags": "Abc",
    "last update": "last update date",
    "HideItem": "true"
  },
  {
    "ID": "B13112023",
    "Date": "13-11-2023",
    "CardDetailsWURL": "/pages/CardDetailsW/B13112023",
    "Title": "Correct writing, though.Blog-4",
    "Type": "Patent or Whitepaper or Researchpaper or Blog",
    "ImageURL": "/images/b1.png",
    "IconURL": "/images/i1.png",
    "IconURL1": "/images/i2.png",
    "PageURL1": "https://www.zensar.com/careers/current-opportunities/",
    "Brief": "<some brief info - will not be used for now>",
    "Authors": "<list of comma-separated names of people>",
    "url": "EFG",
    "tags": "Abc",
    "last update": "last update date",
    "HideItem": "true"
  },
  {
    "ID": "W13112023",
    "Date": "13-11-2023",
    "CardDetailsWURL": "/pages/CardDetailsW/W13112023",
    "Title": "Correct writing, though.Whitepaper-1",
    "Type": "Patent or Whitepaper or Researchpaper or Blog",
    "ImageURL": "/images/w1.png",
    "IconURL": "/images/i1.png",
    "IconURL1": "/images/i2.png",
    "PageURL1": "https://www.zensar.com/careers/current-opportunities/",
    "Brief": "<some brief info - will not be used for now>",
    "Authors": "<list of comma-separated names of people>",
    "url": "EFG",
    "tags": "Abc",
    "last update": "last update date",
    "HideItem": "true"
  },
  {
    "ID": "W14112023",
    "Date": "14-11-2023",
    "CardDetailsWURL": "/pages/CardDetailsW/W14112023",
    "Title": "Correct writing, though.Whitepaper-2",
    "Type": "Patent or Whitepaper or Researchpaper or Blog",
    "ImageURL": "/images/w1.png",
    "IconURL": "/images/i1.png",
    "IconURL1": "/images/i2.png",
    "PageURL1": "https://www.zensar.com/careers/current-opportunities/",
    "Brief": "<some brief info - will not be used for now>",
    "Authors": "<list of comma-separated names of people>",
    "url": "EFG",
    "tags": "Abc",
    "last update": "last update date",
    "HideItem": "true"
  },
  {
    "ID": "W11112023",
    "Date": "11-11-2023",
    "CardDetailsWURL": "/pages/CardDetailsW/W11112023",
    "Title": "Correct writing, though.Whitepaper-3",
    "Type": "Patent or Whitepaper or Researchpaper or Blog",
    "ImageURL": "/images/w1.png",
    "IconURL": "/images/i1.png",
    "IconURL1": "/images/i2.png",
    "PageURL1": "https://www.zensar.com/careers/current-opportunities/",
    "Brief": "<some brief info - will not be used for now>",
    "Authors": "<list of comma-separated names of people>",
    "url": "EFG",
    "tags": "Abc",
    "last update": "last update date",
    "HideItem": "true"
  },
  {
    "ID": "W12112023",
    "Date": "12-11-2023",
    "CardDetailsWURL": "/pages/CardDetailsW/W12112023",
    "Title": "Correct writing, though.Whitepaper-4",
    "Type": "Patent or Whitepaper or Researchpaper or Blog",
    "ImageURL": "/images/w1.png",
    "IconURL": "/images/i1.png",
    "IconURL1": "/images/i2.png",
    "PageURL1": "https://www.zensar.com/careers/current-opportunities/",
    "Brief": "some brief info - will not be used for now",
    "Authors": "list of comma-separated names of people",
    "url": "EFG",
    "tags": "Abc",
    "last update": "last update date",
    "HideItem": "true"
  }
]